Home,Cinema,Method,Specific
"EN4 9RQ, UK","N2 9PJ, UK",TRANSIT,
"EN4 9RQ, UK","EN5 1AB, UK",TRANSIT,
"EN4 9RQ, UK","EN5 1AB, UK",WALK,
"EN4 9RQ, UK","N12 0GL, UK",TRANSIT,
"EN4 9RQ, UK","N2 9PJ, UK",DRIVE,
"EN4 9RQ, UK","SE1 8XT, UK",TRANSIT,
"EN4 9RQ, UK","SE1 8XT, UK",TRANSIT,BUS
"CM18 7RP, UK","CM20 2DA, UK",WALK,
"CM18 7RP, UK","CM20 2DA, UK",TRANSIT,BUS
"CM18 7RP, UK","CM20 2DA, UK",DRIVE,
"CM18 7RP, UK","CM20 1XR, UK",WALK,
"CM18 7RP, UK","CM20 1XR, UK",TRANSIT,BUS
"CM18 7RP, UK","CM20 1XR, UK",DRIVE,
"CM18 7PX, UK","CM20 1XR, UK",WALK,
"CM18 7PX, UK","CM20 1XR, UK",TRANSIT,BUS
"CM18 7PX, UK","CM20 1XR, UK",DRIVE,
"CM18 7PX, UK","CM20 2DA, UK",WALK,
"CM18 7PX, UK","CM20 2DA, UK",TRANSIT,BUS
"CM18 7PX, UK","CM20 2DA, UK",DRIVE,